Policy Assignment Name,Policy Set Name,Policy Name,Policy Display Name,Parameters set for each policy
Deny-NetworkResources,Deny-NetworkResources,DenyLoadBalancerPublicIP,Deny Load Balancers with Public IP frontends,"{""effect"": ""Deny""}"
Deny-NetworkResources,Deny-NetworkResources,DenyAzureFirewall,Azure Firewall must not be deployed,"{""effect"": ""Deny""}"
Deny-NetworkResources,Deny-NetworkResources,DenyNatGateway,NAT gateway must not be deployed,"{""effect"": ""Deny""}"
Deny-NetworkResources,Deny-NetworkResources,DenySiteToSiteVPN,Site-to-site VPN connections must not be deployed,"{""effect"": ""Deny""}"
Deny-NetworkResourcesOn,Deny-NetworkResourcesOnline,DenyLoadBalancerPublicIP,Deny Load Balancers with Public IP frontends,"{""effect"": ""Deny""}"
Deny-NetworkResourcesOn,Deny-NetworkResourcesOnline,DenyAzureFirewall,Azure Firewall must not be deployed,"{""effect"": ""Deny""}"
Deny-NetworkResourcesOn,Deny-NetworkResourcesOnline,DenySiteToSiteVPN,Site-to-site VPN connections must not be deployed,"{""effect"": ""Deny""}"
DeployDefenderForCloud,Deploy-DefenderForCloud,defenderForOssDb,defenderForOssDb,"{""effect"": ""DeployIfNotExists""}"
DeployDefenderForCloud,Deploy-DefenderForCloud,defenderForVM,defenderForVM,"{""effect"": ""DeployIfNotExists"", ""isAgentlessVmScanningEnabled"": ""false"", ""isMdeDesignatedSubscriptionEnabled"": ""false"", ""subPlan"": ""P2""}"
DeployDefenderForCloud,Deploy-DefenderForCloud,defenderForVMVulnerabilityAssessment,defenderForVMVulnerabilityAssessment,"{""effect"": ""DeployIfNotExists"", ""vaType"": ""mdeTvm""}"
DeployDefenderForCloud,Deploy-DefenderForCloud,defenderForSqlServerVirtualMachines,defenderForSqlServerVirtualMachines,"{""effect"": ""DeployIfNotExists""}"
DeployDefenderForCloud,Deploy-DefenderForCloud,defenderForAppServices,defenderForAppServices,"{""effect"": ""DeployIfNotExists""}"
DeployDefenderForCloud,Deploy-DefenderForCloud,defenderForStorageAccountsV2,defenderForStorageAccountsV2,"{""capGBPerMonthPerStorageAccount"": 5000, ""effect"": ""DeployIfNotExists"", ""isOnUploadMalwareScanningEnabled"": ""false"", ""isSensitiveDataDiscoveryEnabled"": ""true""}"
DeployDefenderForCloud,Deploy-DefenderForCloud,defenderforContainers,defenderforContainers,"{""effect"": ""DeployIfNotExists""}"
DeployDefenderForCloud,Deploy-DefenderForCloud,defenderforKubernetes,defenderforKubernetes,"{""effect"": ""DeployIfNotExists"", ""logAnalyticsWorkspaceResourceId"": ""/subscriptions/ac084e26-de58-47e4-92d4-0da6414956d8/resourcegroups/rg-logmanagementworkspace-prod/providers/microsoft.operationalinsights/workspaces/log-we-prod-logmanagementworkspace""}"
DeployDefenderForCloud,Deploy-DefenderForCloud,azurePolicyForKubernetes,azurePolicyForKubernetes,"{""effect"": ""DeployIfNotExists""}"
DeployDefenderForCloud,Deploy-DefenderForCloud,defenderForKeyVaults,defenderForKeyVaults,"{""effect"": ""DeployIfNotExists"", ""subPlan"": ""PerKeyVault""}"
DeployDefenderForCloud,Deploy-DefenderForCloud,defenderForArm,defenderForArm,"{""effect"": ""DeployIfNotExists"", ""subPlan"": ""PerSubscription""}"
DeployDefenderForCloud,Deploy-DefenderForCloud,defenderForSqlPaas,defenderForSqlPaas,"{""effect"": ""DeployIfNotExists""}"
DeployDefenderForCloud,Deploy-DefenderForCloud,defenderForCosmosDbs,defenderForCosmosDbs,"{""effect"": ""DeployIfNotExists""}"
DeployDefenderForCloud,Deploy-DefenderForCloud,defenderForAI,defenderForAI,"{""effect"": ""DeployIfNotExists"", ""isAIPromptEvidenceEnabled"": ""true"", ""isAIPromptSharingWithPurviewEnabled"": ""true""}"
DeployDefenderForCloud,Deploy-DefenderForCloud,defenderForCspm,defenderForCspm,"{""effect"": ""Disabled"", ""isAgentlessDiscoveryForKubernetesEnabled"": ""false"", ""isAgentlessVmScanningEnabled"": ""false"", ""isContainerRegistriesVulnerabilityAssessmentsEnabled"": ""false"", ""isEntraPermissionsManagementEnabled"": ""true"", ""isSensitiveDataDiscoveryEnabled"": ""false""}"
DeployDefenderForCloud,Deploy-DefenderForCloud,securityEmailContact,Deploy Microsoft Defender for Cloud Security Contacts,"{""attackPathSeverity"": ""Critical"", ""emailSecurityContact"": ""cyberdefensecenter@aldi-nord.de"", ""minimalSeverity"": ""High""}"
DeployDefenderForCloud,Deploy-DefenderForCloud,migrateToMdeTvm,migrateToMdeTvm,"{""effect"": ""DeployIfNotExists""}"
DeployPrivateDNSZone,Deploy-PrivateDNSZone,DINE-Private-DNS-Azure-File-Sync,DINE-Private-DNS-Azure-File-Sync,"{""effect"": ""DeployIfNotExists"", ""privateDnsZoneId"": ""[if(equals(parameters('dnsZoneSubscriptionId'), ''), parameters('azureFilePrivateDnsZoneId'), format('/subscriptions/{0}/resourceGroups/{1}/providers/{2}/{3}', parameters('dnsZoneSubscriptionId'), toLower(parameters('dnsZoneResourceGroupName')), parameters('dnsZoneResourceType'), replace(replace(parameters('dnsZoneNames').azureFilePrivateDnsZoneId, '{regionName}', parameters('dnsZoneRegion')), '{regionCode}', parameters('dnzZoneRegionShortNames')[parameters('dnsZoneRegion')])))]""}"
DeployPrivateDNSZone,Deploy-PrivateDNSZone,DINE-Private-DNS-Azure-Automation-Webhook,DINE-Private-DNS-Azure-Automation-Webhook,"{""effect"": ""DeployIfNotExists"", ""privateDnsZoneId"": ""[if(equals(parameters('dnsZoneSubscriptionId'), ''), parameters('azureAutomationWebhookPrivateDnsZoneId'), format('/subscriptions/{0}/resourceGroups/{1}/providers/{2}/{3}', parameters('dnsZoneSubscriptionId'), toLower(parameters('dnsZoneResourceGroupName')), parameters('dnsZoneResourceType'), replace(replace(parameters('dnsZoneNames').azureAutomationWebhookPrivateDnsZoneId, '{regionName}', parameters('dnsZoneRegion')), '{regionCode}', parameters('dnzZoneRegionShortNames')[parameters('dnsZoneRegion')])))]"", ""privateEndpointGroupId"": ""Webhook""}"
DeployPrivateDNSZone,Deploy-PrivateDNSZone,DINE-Private-DNS-Azure-Automation-DSCHybrid,DINE-Private-DNS-Azure-Automation-DSCHybrid,"{""effect"": ""DeployIfNotExists"", ""privateDnsZoneId"": ""[if(equals(parameters('dnsZoneSubscriptionId'), ''), parameters('azureAutomationDSCHybridPrivateDnsZoneId'), format('/subscriptions/{0}/resourceGroups/{1}/providers/{2}/{3}', parameters('dnsZoneSubscriptionId'), toLower(parameters('dnsZoneResourceGroupName')), parameters('dnsZoneResourceType'), replace(replace(parameters('dnsZoneNames').azureAutomationDSCHybridPrivateDnsZoneId, '{regionName}', parameters('dnsZoneRegion')), '{regionCode}', parameters('dnzZoneRegionShortNames')[parameters('dnsZoneRegion')])))]"", ""privateEndpointGroupId"": ""DSCAndHybridWorker""}"
DeployPrivateDNSZone,Deploy-PrivateDNSZone,DINE-Private-DNS-Azure-Cosmos-SQL,DINE-Private-DNS-Azure-Cosmos-SQL,"{""effect"": ""DeployIfNotExists"", ""privateDnsZoneId"": ""[if(equals(parameters('dnsZoneSubscriptionId'), ''), parameters('azureCosmosSQLPrivateDnsZoneId'), format('/subscriptions/{0}/resourceGroups/{1}/providers/{2}/{3}', parameters('dnsZoneSubscriptionId'), toLower(parameters('dnsZoneResourceGroupName')), parameters('dnsZoneResourceType'), replace(replace(parameters('dnsZoneNames').azureCosmosSQLPrivateDnsZoneId, '{regionName}', parameters('dnsZoneRegion')), '{regionCode}', parameters('dnzZoneRegionShortNames')[parameters('dnsZoneRegion')])))]"", ""privateEndpointGroupId"": ""SQL""}"
DeployPrivateDNSZone,Deploy-PrivateDNSZone,DINE-Private-DNS-Azure-Cosmos-MongoDB,DINE-Private-DNS-Azure-Cosmos-MongoDB,"{""effect"": ""DeployIfNotExists"", ""privateDnsZoneId"": ""[if(equals(parameters('dnsZoneSubscriptionId'), ''), parameters('azureCosmosMongoPrivateDnsZoneId'), format('/subscriptions/{0}/resourceGroups/{1}/providers/{2}/{3}', parameters('dnsZoneSubscriptionId'), toLower(parameters('dnsZoneResourceGroupName')), parameters('dnsZoneResourceType'), replace(replace(parameters('dnsZoneNames').azureCosmosMongoPrivateDnsZoneId, '{regionName}', parameters('dnsZoneRegion')), '{regionCode}', parameters('dnzZoneRegionShortNames')[parameters('dnsZoneRegion')])))]"", ""privateEndpointGroupId"": ""MongoDB""}"
DeployPrivateDNSZone,Deploy-PrivateDNSZone,DINE-Private-DNS-Azure-Cosmos-Cassandra,DINE-Private-DNS-Azure-Cosmos-Cassandra,"{""effect"": ""DeployIfNotExists"", ""privateDnsZoneId"": ""[if(equals(parameters('dnsZoneSubscriptionId'), ''), parameters('azureCosmosCassandraPrivateDnsZoneId'), format('/subscriptions/{0}/resourceGroups/{1}/providers/{2}/{3}', parameters('dnsZoneSubscriptionId'), toLower(parameters('dnsZoneResourceGroupName')), parameters('dnsZoneResourceType'), replace(replace(parameters('dnsZoneNames').azureCosmosCassandraPrivateDnsZoneId, '{regionName}', parameters('dnsZoneRegion')), '{regionCode}', parameters('dnzZoneRegionShortNames')[parameters('dnsZoneRegion')])))]"", ""privateEndpointGroupId"": ""Cassandra""}"
DeployPrivateDNSZone,Deploy-PrivateDNSZone,DINE-Private-DNS-Azure-Cosmos-Gremlin,DINE-Private-DNS-Azure-Cosmos-Gremlin,"{""effect"": ""DeployIfNotExists"", ""privateDnsZoneId"": ""[if(equals(parameters('dnsZoneSubscriptionId'), ''), parameters('azureCosmosGremlinPrivateDnsZoneId'), format('/subscriptions/{0}/resourceGroups/{1}/providers/{2}/{3}', parameters('dnsZoneSubscriptionId'), toLower(parameters('dnsZoneResourceGroupName')), parameters('dnsZoneResourceType'), replace(replace(parameters('dnsZoneNames').azureCosmosGremlinPrivateDnsZoneId, '{regionName}', parameters('dnsZoneRegion')), '{regionCode}', parameters('dnzZoneRegionShortNames')[parameters('dnsZoneRegion')])))]"", ""privateEndpointGroupId"": ""Gremlin""}"
DeployPrivateDNSZone,Deploy-PrivateDNSZone,DINE-Private-DNS-Azure-Cosmos-Table,DINE-Private-DNS-Azure-Cosmos-Table,"{""effect"": ""DeployIfNotExists"", ""privateDnsZoneId"": ""[if(equals(parameters('dnsZoneSubscriptionId'), ''), parameters('azureCosmosTablePrivateDnsZoneId'), format('/subscriptions/{0}/resourceGroups/{1}/providers/{2}/{3}', parameters('dnsZoneSubscriptionId'), toLower(parameters('dnsZoneResourceGroupName')), parameters('dnsZoneResourceType'), replace(replace(parameters('dnsZoneNames').azureCosmosTablePrivateDnsZoneId, '{regionName}', parameters('dnsZoneRegion')), '{regionCode}', parameters('dnzZoneRegionShortNames')[parameters('dnsZoneRegion')])))]"", ""privateEndpointGroupId"": ""Table""}"
DeployPrivateDNSZone,Deploy-PrivateDNSZone,DINE-Private-DNS-Azure-DataFactory,DINE-Private-DNS-Azure-DataFactory,"{""effect"": ""DeployIfNotExists"", ""listOfGroupIds"": [""dataFactory""], ""privateDnsZoneId"": ""[if(equals(parameters('dnsZoneSubscriptionId'), ''), parameters('azureDataFactoryPrivateDnsZoneId'), format('/subscriptions/{0}/resourceGroups/{1}/providers/{2}/{3}', parameters('dnsZoneSubscriptionId'), toLower(parameters('dnsZoneResourceGroupName')), parameters('dnsZoneResourceType'), replace(replace(parameters('dnsZoneNames').azureDataFactoryPrivateDnsZoneId, '{regionName}', parameters('dnsZoneRegion')), '{regionCode}', parameters('dnzZoneRegionShortNames')[parameters('dnsZoneRegion')])))]""}"
DeployPrivateDNSZone,Deploy-PrivateDNSZone,DINE-Private-DNS-Azure-DataFactory-Portal,DINE-Private-DNS-Azure-DataFactory-Portal,"{""effect"": ""DeployIfNotExists"", ""listOfGroupIds"": [""portal""], ""privateDnsZoneId"": ""[if(equals(parameters('dnsZoneSubscriptionId'), ''), parameters('azureDataFactoryPortalPrivateDnsZoneId'), format('/subscriptions/{0}/resourceGroups/{1}/providers/{2}/{3}', parameters('dnsZoneSubscriptionId'), toLower(parameters('dnsZoneResourceGroupName')), parameters('dnsZoneResourceType'), replace(replace(parameters('dnsZoneNames').azureDataFactoryPortalPrivateDnsZoneId, '{regionName}', parameters('dnsZoneRegion')), '{regionCode}', parameters('dnzZoneRegionShortNames')[parameters('dnsZoneRegion')])))]""}"
DeployPrivateDNSZone,Deploy-PrivateDNSZone,DINE-Private-DNS-Azure-Databricks-UI-Api,DINE-Private-DNS-Azure-Databricks-UI-Api,"{""effect"": ""DeployIfNotExists"", ""groupId"": ""databricks_ui_api"", ""privateDnsZoneId"": ""[if(equals(parameters('dnsZoneSubscriptionId'), ''), parameters('azureDatabricksPrivateDnsZoneId'), format('/subscriptions/{0}/resourceGroups/{1}/providers/{2}/{3}', parameters('dnsZoneSubscriptionId'), toLower(parameters('dnsZoneResourceGroupName')), parameters('dnsZoneResourceType'), replace(replace(parameters('dnsZoneNames').azureDatabricksPrivateDnsZoneId, '{regionName}', parameters('dnsZoneRegion')), '{regionCode}', parameters('dnzZoneRegionShortNames')[parameters('dnsZoneRegion')])))]""}"
DeployPrivateDNSZone,Deploy-PrivateDNSZone,DINE-Private-DNS-Azure-Databricks-Browser-AuthN,DINE-Private-DNS-Azure-Databricks-Browser-AuthN,"{""effect"": ""DeployIfNotExists"", ""groupId"": ""browser_authentication"", ""privateDnsZoneId"": ""[if(equals(parameters('dnsZoneSubscriptionId'), ''), parameters('azureDatabricksPrivateDnsZoneId'), format('/subscriptions/{0}/resourceGroups/{1}/providers/{2}/{3}', parameters('dnsZoneSubscriptionId'), toLower(parameters('dnsZoneResourceGroupName')), parameters('dnsZoneResourceType'), replace(replace(parameters('dnsZoneNames').azureDatabricksPrivateDnsZoneId, '{regionName}', parameters('dnsZoneRegion')), '{regionCode}', parameters('dnzZoneRegionShortNames')[parameters('dnsZoneRegion')])))]""}"
DeployPrivateDNSZone,Deploy-PrivateDNSZone,DINE-Private-DNS-Azure-HDInsight,DINE-Private-DNS-Azure-HDInsight,"{""effect"": ""DeployIfNotExists"", ""groupId"": ""cluster"", ""privateDnsZoneId"": ""[if(equals(parameters('dnsZoneSubscriptionId'), ''), parameters('azureHDInsightPrivateDnsZoneId'), format('/subscriptions/{0}/resourceGroups/{1}/providers/{2}/{3}', parameters('dnsZoneSubscriptionId'), toLower(parameters('dnsZoneResourceGroupName')), parameters('dnsZoneResourceType'), replace(replace(parameters('dnsZoneNames').azureHDInsightPrivateDnsZoneId, '{regionName}', parameters('dnsZoneRegion')), '{regionCode}', parameters('dnzZoneRegionShortNames')[parameters('dnsZoneRegion')])))]""}"
DeployPrivateDNSZone,Deploy-PrivateDNSZone,DINE-Private-DNS-Azure-Migrate,DINE-Private-DNS-Azure-Migrate,"{""effect"": ""DeployIfNotExists"", ""privateDnsZoneId"": ""[if(equals(parameters('dnsZoneSubscriptionId'), ''), parameters('azureMigratePrivateDnsZoneId'), format('/subscriptions/{0}/resourceGroups/{1}/providers/{2}/{3}', parameters('dnsZoneSubscriptionId'), toLower(parameters('dnsZoneResourceGroupName')), parameters('dnsZoneResourceType'), replace(replace(parameters('dnsZoneNames').azureMigratePrivateDnsZoneId, '{regionName}', parameters('dnsZoneRegion')), '{regionCode}', parameters('dnzZoneRegionShortNames')[parameters('dnsZoneRegion')])))]""}"
DeployPrivateDNSZone,Deploy-PrivateDNSZone,DINE-Private-DNS-Azure-Storage-Blob,DINE-Private-DNS-Azure-Storage-Blob,"{""effect"": ""DeployIfNotExists"", ""privateDnsZoneId"": ""[if(equals(parameters('dnsZoneSubscriptionId'), ''), parameters('azureStorageBlobPrivateDnsZoneId'), format('/subscriptions/{0}/resourceGroups/{1}/providers/{2}/{3}', parameters('dnsZoneSubscriptionId'), toLower(parameters('dnsZoneResourceGroupName')), parameters('dnsZoneResourceType'), replace(replace(parameters('dnsZoneNames').azureStorageBlobPrivateDnsZoneId, '{regionName}', parameters('dnsZoneRegion')), '{regionCode}', parameters('dnzZoneRegionShortNames')[parameters('dnsZoneRegion')])))]""}"
DeployPrivateDNSZone,Deploy-PrivateDNSZone,DINE-Private-DNS-Azure-Storage-Blob-Sec,DINE-Private-DNS-Azure-Storage-Blob-Sec,"{""effect"": ""DeployIfNotExists"", ""privateDnsZoneId"": ""[if(equals(parameters('dnsZoneSubscriptionId'), ''), parameters('azureStorageBlobSecPrivateDnsZoneId'), format('/subscriptions/{0}/resourceGroups/{1}/providers/{2}/{3}', parameters('dnsZoneSubscriptionId'), toLower(parameters('dnsZoneResourceGroupName')), parameters('dnsZoneResourceType'), replace(replace(parameters('dnsZoneNames').azureStorageBlobSecPrivateDnsZoneId, '{regionName}', parameters('dnsZoneRegion')), '{regionCode}', parameters('dnzZoneRegionShortNames')[parameters('dnsZoneRegion')])))]""}"
DeployPrivateDNSZone,Deploy-PrivateDNSZone,DINE-Private-DNS-Azure-Storage-Queue,DINE-Private-DNS-Azure-Storage-Queue,"{""effect"": ""DeployIfNotExists"", ""privateDnsZoneId"": ""[if(equals(parameters('dnsZoneSubscriptionId'), ''), parameters('azureStorageQueuePrivateDnsZoneId'), format('/subscriptions/{0}/resourceGroups/{1}/providers/{2}/{3}', parameters('dnsZoneSubscriptionId'), toLower(parameters('dnsZoneResourceGroupName')), parameters('dnsZoneResourceType'), replace(replace(parameters('dnsZoneNames').azureStorageQueuePrivateDnsZoneId, '{regionName}', parameters('dnsZoneRegion')), '{regionCode}', parameters('dnzZoneRegionShortNames')[parameters('dnsZoneRegion')])))]""}"
DeployPrivateDNSZone,Deploy-PrivateDNSZone,DINE-Private-DNS-Azure-Storage-Queue-Sec,DINE-Private-DNS-Azure-Storage-Queue-Sec,"{""effect"": ""DeployIfNotExists"", ""privateDnsZoneId"": ""[if(equals(parameters('dnsZoneSubscriptionId'), ''), parameters('azureStorageQueueSecPrivateDnsZoneId'), format('/subscriptions/{0}/resourceGroups/{1}/providers/{2}/{3}', parameters('dnsZoneSubscriptionId'), toLower(parameters('dnsZoneResourceGroupName')), parameters('dnsZoneResourceType'), replace(replace(parameters('dnsZoneNames').azureStorageQueueSecPrivateDnsZoneId, '{regionName}', parameters('dnsZoneRegion')), '{regionCode}', parameters('dnzZoneRegionShortNames')[parameters('dnsZoneRegion')])))]""}"
DeployPrivateDNSZone,Deploy-PrivateDNSZone,DINE-Private-DNS-Azure-Storage-File,DINE-Private-DNS-Azure-Storage-File,"{""effect"": ""DeployIfNotExists"", ""privateDnsZoneId"": ""[if(equals(parameters('dnsZoneSubscriptionId'), ''), parameters('azureStorageFilePrivateDnsZoneId'), format('/subscriptions/{0}/resourceGroups/{1}/providers/{2}/{3}', parameters('dnsZoneSubscriptionId'), toLower(parameters('dnsZoneResourceGroupName')), parameters('dnsZoneResourceType'), replace(replace(parameters('dnsZoneNames').azureStorageFilePrivateDnsZoneId, '{regionName}', parameters('dnsZoneRegion')), '{regionCode}', parameters('dnzZoneRegionShortNames')[parameters('dnsZoneRegion')])))]""}"
DeployPrivateDNSZone,Deploy-PrivateDNSZone,DINE-Private-DNS-Azure-Storage-StaticWeb,DINE-Private-DNS-Azure-Storage-StaticWeb,"{""effect"": ""DeployIfNotExists"", ""privateDnsZoneId"": ""[if(equals(parameters('dnsZoneSubscriptionId'), ''), parameters('azureStorageStaticWebPrivateDnsZoneId'), format('/subscriptions/{0}/resourceGroups/{1}/providers/{2}/{3}', parameters('dnsZoneSubscriptionId'), toLower(parameters('dnsZoneResourceGroupName')), parameters('dnsZoneResourceType'), replace(replace(parameters('dnsZoneNames').azureStorageStaticWebPrivateDnsZoneId, '{regionName}', parameters('dnsZoneRegion')), '{regionCode}', parameters('dnzZoneRegionShortNames')[parameters('dnsZoneRegion')])))]""}"
DeployPrivateDNSZone,Deploy-PrivateDNSZone,DINE-Private-DNS-Azure-Storage-StaticWeb-Sec,DINE-Private-DNS-Azure-Storage-StaticWeb-Sec,"{""effect"": ""DeployIfNotExists"", ""privateDnsZoneId"": ""[if(equals(parameters('dnsZoneSubscriptionId'), ''), parameters('azureStorageStaticWebSecPrivateDnsZoneId'), format('/subscriptions/{0}/resourceGroups/{1}/providers/{2}/{3}', parameters('dnsZoneSubscriptionId'), toLower(parameters('dnsZoneResourceGroupName')), parameters('dnsZoneResourceType'), replace(replace(parameters('dnsZoneNames').azureStorageStaticWebSecPrivateDnsZoneId, '{regionName}', parameters('dnsZoneRegion')), '{regionCode}', parameters('dnzZoneRegionShortNames')[parameters('dnsZoneRegion')])))]""}"
DeployPrivateDNSZone,Deploy-PrivateDNSZone,DINE-Private-DNS-Azure-Storage-DFS,DINE-Private-DNS-Azure-Storage-DFS,"{""effect"": ""DeployIfNotExists"", ""privateDnsZoneId"": ""[if(equals(parameters('dnsZoneSubscriptionId'), ''), parameters('azureStorageDFSPrivateDnsZoneId'), format('/subscriptions/{0}/resourceGroups/{1}/providers/{2}/{3}', parameters('dnsZoneSubscriptionId'), toLower(parameters('dnsZoneResourceGroupName')), parameters('dnsZoneResourceType'), replace(replace(parameters('dnsZoneNames').azureStorageDFSPrivateDnsZoneId, '{regionName}', parameters('dnsZoneRegion')), '{regionCode}', parameters('dnzZoneRegionShortNames')[parameters('dnsZoneRegion')])))]""}"
DeployPrivateDNSZone,Deploy-PrivateDNSZone,DINE-Private-DNS-Azure-Storage-DFS-Sec,DINE-Private-DNS-Azure-Storage-DFS-Sec,"{""effect"": ""DeployIfNotExists"", ""privateDnsZoneId"": ""[if(equals(parameters('dnsZoneSubscriptionId'), ''), parameters('azureStorageDFSSecPrivateDnsZoneId'), format('/subscriptions/{0}/resourceGroups/{1}/providers/{2}/{3}', parameters('dnsZoneSubscriptionId'), toLower(parameters('dnsZoneResourceGroupName')), parameters('dnsZoneResourceType'), replace(replace(parameters('dnsZoneNames').azureStorageDFSSecPrivateDnsZoneId, '{regionName}', parameters('dnsZoneRegion')), '{regionCode}', parameters('dnzZoneRegionShortNames')[parameters('dnsZoneRegion')])))]""}"
DeployPrivateDNSZone,Deploy-PrivateDNSZone,DINE-Private-DNS-Azure-Synapse-SQL,DINE-Private-DNS-Azure-Synapse-SQL,"{""effect"": ""DeployIfNotExists"", ""privateDnsZoneId"": ""[if(equals(parameters('dnsZoneSubscriptionId'), ''), parameters('azureSynapseSQLPrivateDnsZoneId'), format('/subscriptions/{0}/resourceGroups/{1}/providers/{2}/{3}', parameters('dnsZoneSubscriptionId'), toLower(parameters('dnsZoneResourceGroupName')), parameters('dnsZoneResourceType'), replace(replace(parameters('dnsZoneNames').azureSynapseSQLPrivateDnsZoneId, '{regionName}', parameters('dnsZoneRegion')), '{regionCode}', parameters('dnzZoneRegionShortNames')[parameters('dnsZoneRegion')])))]"", ""targetSubResource"": ""Sql""}"
DeployPrivateDNSZone,Deploy-PrivateDNSZone,DINE-Private-DNS-Azure-Synapse-SQL-OnDemand,DINE-Private-DNS-Azure-Synapse-SQL-OnDemand,"{""effect"": ""DeployIfNotExists"", ""privateDnsZoneId"": ""[if(equals(parameters('dnsZoneSubscriptionId'), ''), parameters('azureSynapseSQLODPrivateDnsZoneId'), format('/subscriptions/{0}/resourceGroups/{1}/providers/{2}/{3}', parameters('dnsZoneSubscriptionId'), toLower(parameters('dnsZoneResourceGroupName')), parameters('dnsZoneResourceType'), replace(replace(parameters('dnsZoneNames').azureSynapseSQLODPrivateDnsZoneId, '{regionName}', parameters('dnsZoneRegion')), '{regionCode}', parameters('dnzZoneRegionShortNames')[parameters('dnsZoneRegion')])))]"", ""targetSubResource"": ""SqlOnDemand""}"
DeployPrivateDNSZone,Deploy-PrivateDNSZone,DINE-Private-DNS-Azure-Synapse-Dev,DINE-Private-DNS-Azure-Synapse-Dev,"{""effect"": ""DeployIfNotExists"", ""privateDnsZoneId"": ""[if(equals(parameters('dnsZoneSubscriptionId'), ''), parameters('azureSynapseDevPrivateDnsZoneId'), format('/subscriptions/{0}/resourceGroups/{1}/providers/{2}/{3}', parameters('dnsZoneSubscriptionId'), toLower(parameters('dnsZoneResourceGroupName')), parameters('dnsZoneResourceType'), replace(replace(parameters('dnsZoneNames').azureSynapseDevPrivateDnsZoneId, '{regionName}', parameters('dnsZoneRegion')), '{regionCode}', parameters('dnzZoneRegionShortNames')[parameters('dnsZoneRegion')])))]"", ""targetSubResource"": ""Dev""}"
DeployPrivateDNSZone,Deploy-PrivateDNSZone,DINE-Private-DNS-Azure-MediaServices-Key,DINE-Private-DNS-Azure-MediaServices-Key,"{""effect"": ""DeployIfNotExists"", ""groupId"": ""keydelivery"", ""privateDnsZoneId"": ""[if(equals(parameters('dnsZoneSubscriptionId'), ''), parameters('azureMediaServicesKeyPrivateDnsZoneId'), format('/subscriptions/{0}/resourceGroups/{1}/providers/{2}/{3}', parameters('dnsZoneSubscriptionId'), toLower(parameters('dnsZoneResourceGroupName')), parameters('dnsZoneResourceType'), replace(replace(parameters('dnsZoneNames').azureMediaServicesKeyPrivateDnsZoneId, '{regionName}', parameters('dnsZoneRegion')), '{regionCode}', parameters('dnzZoneRegionShortNames')[parameters('dnsZoneRegion')])))]""}"
DeployPrivateDNSZone,Deploy-PrivateDNSZone,DINE-Private-DNS-Azure-MediaServices-Live,DINE-Private-DNS-Azure-MediaServices-Live,"{""effect"": ""DeployIfNotExists"", ""groupId"": ""liveevent"", ""privateDnsZoneId"": ""[if(equals(parameters('dnsZoneSubscriptionId'), ''), parameters('azureMediaServicesLivePrivateDnsZoneId'), format('/subscriptions/{0}/resourceGroups/{1}/providers/{2}/{3}', parameters('dnsZoneSubscriptionId'), toLower(parameters('dnsZoneResourceGroupName')), parameters('dnsZoneResourceType'), replace(replace(parameters('dnsZoneNames').azureMediaServicesLivePrivateDnsZoneId, '{regionName}', parameters('dnsZoneRegion')), '{regionCode}', parameters('dnzZoneRegionShortNames')[parameters('dnsZoneRegion')])))]""}"
DeployPrivateDNSZone,Deploy-PrivateDNSZone,DINE-Private-DNS-Azure-MediaServices-Stream,DINE-Private-DNS-Azure-MediaServices-Stream,"{""effect"": ""DeployIfNotExists"", ""groupId"": ""streamingendpoint"", ""privateDnsZoneId"": ""[if(equals(parameters('dnsZoneSubscriptionId'), ''), parameters('azureMediaServicesStreamPrivateDnsZoneId'), format('/subscriptions/{0}/resourceGroups/{1}/providers/{2}/{3}', parameters('dnsZoneSubscriptionId'), toLower(parameters('dnsZoneResourceGroupName')), parameters('dnsZoneResourceType'), replace(replace(parameters('dnsZoneNames').azureMediaServicesStreamPrivateDnsZoneId, '{regionName}', parameters('dnsZoneRegion')), '{regionCode}', parameters('dnzZoneRegionShortNames')[parameters('dnsZoneRegion')])))]""}"
DeployPrivateDNSZone,Deploy-PrivateDNSZone,DINE-Private-DNS-Azure-Monitor,DINE-Private-DNS-Azure-Monitor,"{""effect"": ""DeployIfNotExists"", ""privateDnsZoneId1"": ""[if(equals(parameters('dnsZoneSubscriptionId'), ''), parameters('azureMonitorPrivateDnsZoneId1'), format('/subscriptions/{0}/resourceGroups/{1}/providers/{2}/{3}', parameters('dnsZoneSubscriptionId'), toLower(parameters('dnsZoneResourceGroupName')), parameters('dnsZoneResourceType'), replace(replace(parameters('dnsZoneNames').azureMonitorPrivateDnsZoneId1, '{regionName}', parameters('dnsZoneRegion')), '{regionCode}', parameters('dnzZoneRegionShortNames')[parameters('dnsZoneRegion')])))]"", ""privateDnsZoneId2"": ""[if(equals(parameters('dnsZoneSubscriptionId'), ''), parameters('azureMonitorPrivateDnsZoneId2'), format('/subscriptions/{0}/resourceGroups/{1}/providers/{2}/{3}', parameters('dnsZoneSubscriptionId'), toLower(parameters('dnsZoneResourceGroupName')), parameters('dnsZoneResourceType'), replace(replace(parameters('dnsZoneNames').azureMonitorPrivateDnsZoneId2, '{regionName}', parameters('dnsZoneRegion')), '{regionCode}', parameters('dnzZoneRegionShortNames')[parameters('dnsZoneRegion')])))]"", ""privateDnsZoneId3"": ""[if(equals(parameters('dnsZoneSubscriptionId'), ''), parameters('azureMonitorPrivateDnsZoneId3'), format('/subscriptions/{0}/resourceGroups/{1}/providers/{2}/{3}', parameters('dnsZoneSubscriptionId'), toLower(parameters('dnsZoneResourceGroupName')), parameters('dnsZoneResourceType'), replace(replace(parameters('dnsZoneNames').azureMonitorPrivateDnsZoneId3, '{regionName}', parameters('dnsZoneRegion')), '{regionCode}', parameters('dnzZoneRegionShortNames')[parameters('dnsZoneRegion')])))]"", ""privateDnsZoneId4"": ""[if(equals(parameters('dnsZoneSubscriptionId'), ''), parameters('azureMonitorPrivateDnsZoneId4'), format('/subscriptions/{0}/resourceGroups/{1}/providers/{2}/{3}', parameters('dnsZoneSubscriptionId'), toLower(parameters('dnsZoneResourceGroupName')), parameters('dnsZoneResourceType'), replace(replace(parameters('dnsZoneNames').azureMonitorPrivateDnsZoneId4, '{regionName}', parameters('dnsZoneRegion')), '{regionCode}', parameters('dnzZoneRegionShortNames')[parameters('dnsZoneRegion')])))]"", ""privateDnsZoneId5"": ""[if(equals(parameters('dnsZoneSubscriptionId'), ''), parameters('azureMonitorPrivateDnsZoneId5'), format('/subscriptions/{0}/resourceGroups/{1}/providers/{2}/{3}', parameters('dnsZoneSubscriptionId'), toLower(parameters('dnsZoneResourceGroupName')), parameters('dnsZoneResourceType'), replace(replace(parameters('dnsZoneNames').azureMonitorPrivateDnsZoneId5, '{regionName}', parameters('dnsZoneRegion')), '{regionCode}', parameters('dnzZoneRegionShortNames')[parameters('dnsZoneRegion')])))]""}"
DeployPrivateDNSZone,Deploy-PrivateDNSZone,DINE-Private-DNS-Azure-Web,DINE-Private-DNS-Azure-Web,"{""effect"": ""DeployIfNotExists"", ""privateDnsZoneId"": ""[if(equals(parameters('dnsZoneSubscriptionId'), ''), parameters('azureWebPrivateDnsZoneId'), format('/subscriptions/{0}/resourceGroups/{1}/providers/{2}/{3}', parameters('dnsZoneSubscriptionId'), toLower(parameters('dnsZoneResourceGroupName')), parameters('dnsZoneResourceType'), replace(replace(parameters('dnsZoneNames').azureWebPrivateDnsZoneId, '{regionName}', parameters('dnsZoneRegion')), '{regionCode}', parameters('dnzZoneRegionShortNames')[parameters('dnsZoneRegion')])))]""}"
DeployPrivateDNSZone,Deploy-PrivateDNSZone,DINE-Private-DNS-Azure-Batch,DINE-Private-DNS-Azure-Batch,"{""effect"": ""DeployIfNotExists"", ""privateDnsZoneId"": ""[if(equals(parameters('dnsZoneSubscriptionId'), ''), parameters('azureBatchPrivateDnsZoneId'), format('/subscriptions/{0}/resourceGroups/{1}/providers/{2}/{3}', parameters('dnsZoneSubscriptionId'), toLower(parameters('dnsZoneResourceGroupName')), parameters('dnsZoneResourceType'), replace(replace(parameters('dnsZoneNames').azureBatchPrivateDnsZoneId, '{regionName}', parameters('dnsZoneRegion')), '{regionCode}', parameters('dnzZoneRegionShortNames')[parameters('dnsZoneRegion')])))]""}"
DeployPrivateDNSZone,Deploy-PrivateDNSZone,DINE-Private-DNS-Azure-App,DINE-Private-DNS-Azure-App,"{""effect"": ""DeployIfNotExists"", ""privateDnsZoneId"": ""[if(equals(parameters('dnsZoneSubscriptionId'), ''), parameters('azureAppPrivateDnsZoneId'), format('/subscriptions/{0}/resourceGroups/{1}/providers/{2}/{3}', parameters('dnsZoneSubscriptionId'), toLower(parameters('dnsZoneResourceGroupName')), parameters('dnsZoneResourceType'), replace(replace(parameters('dnsZoneNames').azureAppPrivateDnsZoneId, '{regionName}', parameters('dnsZoneRegion')), '{regionCode}', parameters('dnzZoneRegionShortNames')[parameters('dnsZoneRegion')])))]""}"
DeployPrivateDNSZone,Deploy-PrivateDNSZone,DINE-Private-DNS-Azure-Site-Recovery,DINE-Private-DNS-Azure-Site-Recovery,"{""effect"": ""DeployIfNotExists"", ""privateDnsZoneId"": ""[if(equals(parameters('dnsZoneSubscriptionId'), ''), parameters('azureAsrPrivateDnsZoneId'), format('/subscriptions/{0}/resourceGroups/{1}/providers/{2}/{3}', parameters('dnsZoneSubscriptionId'), toLower(parameters('dnsZoneResourceGroupName')), parameters('dnsZoneResourceType'), replace(replace(parameters('dnsZoneNames').azureAsrPrivateDnsZoneId, '{regionName}', parameters('dnsZoneRegion')), '{regionCode}', parameters('dnzZoneRegionShortNames')[parameters('dnsZoneRegion')])))]""}"
DeployPrivateDNSZone,Deploy-PrivateDNSZone,DINE-Private-DNS-Azure-IoT,DINE-Private-DNS-Azure-IoT,"{""effect"": ""DeployIfNotExists"", ""privateDnsZoneId"": ""[if(equals(parameters('dnsZoneSubscriptionId'), ''), parameters('azureIotPrivateDnsZoneId'), format('/subscriptions/{0}/resourceGroups/{1}/providers/{2}/{3}', parameters('dnsZoneSubscriptionId'), toLower(parameters('dnsZoneResourceGroupName')), parameters('dnsZoneResourceType'), replace(replace(parameters('dnsZoneNames').azureIotPrivateDnsZoneId, '{regionName}', parameters('dnsZoneRegion')), '{regionCode}', parameters('dnzZoneRegionShortNames')[parameters('dnsZoneRegion')])))]""}"
DeployPrivateDNSZone,Deploy-PrivateDNSZone,DINE-Private-DNS-Azure-KeyVault,DINE-Private-DNS-Azure-KeyVault,"{""effect"": ""DeployIfNotExists"", ""privateDnsZoneId"": ""[if(equals(parameters('dnsZoneSubscriptionId'), ''), parameters('azureKeyVaultPrivateDnsZoneId'), format('/subscriptions/{0}/resourceGroups/{1}/providers/{2}/{3}', parameters('dnsZoneSubscriptionId'), toLower(parameters('dnsZoneResourceGroupName')), parameters('dnsZoneResourceType'), replace(replace(parameters('dnsZoneNames').azureKeyVaultPrivateDnsZoneId, '{regionName}', parameters('dnsZoneRegion')), '{regionCode}', parameters('dnzZoneRegionShortNames')[parameters('dnsZoneRegion')])))]""}"
DeployPrivateDNSZone,Deploy-PrivateDNSZone,DINE-Private-DNS-Azure-SignalR,DINE-Private-DNS-Azure-SignalR,"{""effect"": ""DeployIfNotExists"", ""privateDnsZoneId"": ""[if(equals(parameters('dnsZoneSubscriptionId'), ''), parameters('azureSignalRPrivateDnsZoneId'), format('/subscriptions/{0}/resourceGroups/{1}/providers/{2}/{3}', parameters('dnsZoneSubscriptionId'), toLower(parameters('dnsZoneResourceGroupName')), parameters('dnsZoneResourceType'), replace(replace(parameters('dnsZoneNames').azureSignalRPrivateDnsZoneId, '{regionName}', parameters('dnsZoneRegion')), '{regionCode}', parameters('dnzZoneRegionShortNames')[parameters('dnsZoneRegion')])))]""}"
DeployPrivateDNSZone,Deploy-PrivateDNSZone,DINE-Private-DNS-Azure-AppServices,DINE-Private-DNS-Azure-AppServices,"{""effect"": ""DeployIfNotExists"", ""privateDnsZoneId"": ""[if(equals(parameters('dnsZoneSubscriptionId'), ''), parameters('azureAppServicesPrivateDnsZoneId'), format('/subscriptions/{0}/resourceGroups/{1}/providers/{2}/{3}', parameters('dnsZoneSubscriptionId'), toLower(parameters('dnsZoneResourceGroupName')), parameters('dnsZoneResourceType'), replace(replace(parameters('dnsZoneNames').azureAppServicesPrivateDnsZoneId, '{regionName}', parameters('dnsZoneRegion')), '{regionCode}', parameters('dnzZoneRegionShortNames')[parameters('dnsZoneRegion')])))]""}"
DeployPrivateDNSZone,Deploy-PrivateDNSZone,DINE-Private-DNS-Azure-EventGridTopics,DINE-Private-DNS-Azure-EventGridTopics,"{""effect"": ""deployIfNotExists"", ""privateDnsZoneId"": ""[if(equals(parameters('dnsZoneSubscriptionId'), ''), parameters('azureEventGridTopicsPrivateDnsZoneId'), format('/subscriptions/{0}/resourceGroups/{1}/providers/{2}/{3}', parameters('dnsZoneSubscriptionId'), toLower(parameters('dnsZoneResourceGroupName')), parameters('dnsZoneResourceType'), replace(replace(parameters('dnsZoneNames').azureEventGridTopicsPrivateDnsZoneId, '{regionName}', parameters('dnsZoneRegion')), '{regionCode}', parameters('dnzZoneRegionShortNames')[parameters('dnsZoneRegion')])))]""}"
DeployPrivateDNSZone,Deploy-PrivateDNSZone,DINE-Private-DNS-Azure-DiskAccess,DINE-Private-DNS-Azure-DiskAccess,"{""effect"": ""DeployIfNotExists"", ""privateDnsZoneId"": ""[if(equals(parameters('dnsZoneSubscriptionId'), ''), parameters('azureDiskAccessPrivateDnsZoneId'), format('/subscriptions/{0}/resourceGroups/{1}/providers/{2}/{3}', parameters('dnsZoneSubscriptionId'), toLower(parameters('dnsZoneResourceGroupName')), parameters('dnsZoneResourceType'), replace(replace(parameters('dnsZoneNames').azureDiskAccessPrivateDnsZoneId, '{regionName}', parameters('dnsZoneRegion')), '{regionCode}', parameters('dnzZoneRegionShortNames')[parameters('dnsZoneRegion')])))]""}"
DeployPrivateDNSZone,Deploy-PrivateDNSZone,DINE-Private-DNS-Azure-CognitiveServices,DINE-Private-DNS-Azure-CognitiveServices,"{""effect"": ""DeployIfNotExists"", ""privateDnsZoneId"": ""[if(equals(parameters('dnsZoneSubscriptionId'), ''), parameters('azureCognitiveServicesPrivateDnsZoneId'), format('/subscriptions/{0}/resourceGroups/{1}/providers/{2}/{3}', parameters('dnsZoneSubscriptionId'), toLower(parameters('dnsZoneResourceGroupName')), parameters('dnsZoneResourceType'), replace(replace(parameters('dnsZoneNames').azureCognitiveServicesPrivateDnsZoneId, '{regionName}', parameters('dnsZoneRegion')), '{regionCode}', parameters('dnzZoneRegionShortNames')[parameters('dnsZoneRegion')])))]""}"
DeployPrivateDNSZone,Deploy-PrivateDNSZone,DINE-Private-DNS-Azure-IoTHubs,DINE-Private-DNS-Azure-IoTHubs,"{""effect"": ""deployIfNotExists"", ""privateDnsZoneId"": ""[if(equals(parameters('dnsZoneSubscriptionId'), ''), parameters('azureIotHubsPrivateDnsZoneId'), format('/subscriptions/{0}/resourceGroups/{1}/providers/{2}/{3}', parameters('dnsZoneSubscriptionId'), toLower(parameters('dnsZoneResourceGroupName')), parameters('dnsZoneResourceType'), replace(replace(parameters('dnsZoneNames').azureIotHubsPrivateDnsZoneId, '{regionName}', parameters('dnsZoneRegion')), '{regionCode}', parameters('dnzZoneRegionShortNames')[parameters('dnsZoneRegion')])))]""}"
DeployPrivateDNSZone,Deploy-PrivateDNSZone,DINE-Private-DNS-Azure-EventGridDomains,DINE-Private-DNS-Azure-EventGridDomains,"{""effect"": ""deployIfNotExists"", ""privateDnsZoneId"": ""[if(equals(parameters('dnsZoneSubscriptionId'), ''), parameters('azureEventGridDomainsPrivateDnsZoneId'), format('/subscriptions/{0}/resourceGroups/{1}/providers/{2}/{3}', parameters('dnsZoneSubscriptionId'), toLower(parameters('dnsZoneResourceGroupName')), parameters('dnsZoneResourceType'), replace(replace(parameters('dnsZoneNames').azureEventGridDomainsPrivateDnsZoneId, '{regionName}', parameters('dnsZoneRegion')), '{regionCode}', parameters('dnzZoneRegionShortNames')[parameters('dnsZoneRegion')])))]""}"
DeployPrivateDNSZone,Deploy-PrivateDNSZone,DINE-Private-DNS-Azure-RedisCache,DINE-Private-DNS-Azure-RedisCache,"{""effect"": ""DeployIfNotExists"", ""privateDnsZoneId"": ""[if(equals(parameters('dnsZoneSubscriptionId'), ''), parameters('azureRedisCachePrivateDnsZoneId'), format('/subscriptions/{0}/resourceGroups/{1}/providers/{2}/{3}', parameters('dnsZoneSubscriptionId'), toLower(parameters('dnsZoneResourceGroupName')), parameters('dnsZoneResourceType'), replace(replace(parameters('dnsZoneNames').azureRedisCachePrivateDnsZoneId, '{regionName}', parameters('dnsZoneRegion')), '{regionCode}', parameters('dnzZoneRegionShortNames')[parameters('dnsZoneRegion')])))]""}"
DeployPrivateDNSZone,Deploy-PrivateDNSZone,DINE-Private-DNS-Azure-ACR,DINE-Private-DNS-Azure-ACR,"{""effect"": ""DeployIfNotExists"", ""privateDnsZoneId"": ""[if(equals(parameters('dnsZoneSubscriptionId'), ''), parameters('azureAcrPrivateDnsZoneId'), format('/subscriptions/{0}/resourceGroups/{1}/providers/{2}/{3}', parameters('dnsZoneSubscriptionId'), toLower(parameters('dnsZoneResourceGroupName')), parameters('dnsZoneResourceType'), replace(replace(parameters('dnsZoneNames').azureAcrPrivateDnsZoneId, '{regionName}', parameters('dnsZoneRegion')), '{regionCode}', parameters('dnzZoneRegionShortNames')[parameters('dnsZoneRegion')])))]""}"
DeployPrivateDNSZone,Deploy-PrivateDNSZone,DINE-Private-DNS-Azure-EventHubNamespace,DINE-Private-DNS-Azure-EventHubNamespace,"{""effect"": ""DeployIfNotExists"", ""privateDnsZoneId"": ""[if(equals(parameters('dnsZoneSubscriptionId'), ''), parameters('azureEventHubNamespacePrivateDnsZoneId'), format('/subscriptions/{0}/resourceGroups/{1}/providers/{2}/{3}', parameters('dnsZoneSubscriptionId'), toLower(parameters('dnsZoneResourceGroupName')), parameters('dnsZoneResourceType'), replace(replace(parameters('dnsZoneNames').azureEventHubNamespacePrivateDnsZoneId, '{regionName}', parameters('dnsZoneRegion')), '{regionCode}', parameters('dnzZoneRegionShortNames')[parameters('dnsZoneRegion')])))]""}"
DeployPrivateDNSZone,Deploy-PrivateDNSZone,DINE-Private-DNS-Azure-MachineLearningWorkspace,DINE-Private-DNS-Azure-MachineLearningWorkspace,"{""effect"": ""DeployIfNotExists"", ""privateDnsZoneId"": ""[if(equals(parameters('dnsZoneSubscriptionId'), ''), parameters('azureMachineLearningWorkspacePrivateDnsZoneId'), format('/subscriptions/{0}/resourceGroups/{1}/providers/{2}/{3}', parameters('dnsZoneSubscriptionId'), toLower(parameters('dnsZoneResourceGroupName')), parameters('dnsZoneResourceType'), replace(replace(parameters('dnsZoneNames').azureMachineLearningWorkspacePrivateDnsZoneId, '{regionName}', parameters('dnsZoneRegion')), '{regionCode}', parameters('dnzZoneRegionShortNames')[parameters('dnsZoneRegion')])))]"", ""secondPrivateDnsZoneId"": ""[if(equals(parameters('dnsZoneSubscriptionId'), ''), parameters('azureMachineLearningWorkspaceSecondPrivateDnsZoneId'), format('/subscriptions/{0}/resourceGroups/{1}/providers/{2}/{3}', parameters('dnsZoneSubscriptionId'), toLower(parameters('dnsZoneResourceGroupName')), parameters('dnsZoneResourceType'), replace(replace(parameters('dnsZoneNames').azureMachineLearningWorkspaceSecondPrivateDnsZoneId, '{regionName}', parameters('dnsZoneRegion')), '{regionCode}', parameters('dnzZoneRegionShortNames')[parameters('dnsZoneRegion')])))]""}"
DeployPrivateDNSZone,Deploy-PrivateDNSZone,DINE-Private-DNS-Azure-ServiceBusNamespace,DINE-Private-DNS-Azure-ServiceBusNamespace,"{""effect"": ""DeployIfNotExists"", ""privateDnsZoneId"": ""[if(equals(parameters('dnsZoneSubscriptionId'), ''), parameters('azureServiceBusNamespacePrivateDnsZoneId'), format('/subscriptions/{0}/resourceGroups/{1}/providers/{2}/{3}', parameters('dnsZoneSubscriptionId'), toLower(parameters('dnsZoneResourceGroupName')), parameters('dnsZoneResourceType'), replace(replace(parameters('dnsZoneNames').azureServiceBusNamespacePrivateDnsZoneId, '{regionName}', parameters('dnsZoneRegion')), '{regionCode}', parameters('dnzZoneRegionShortNames')[parameters('dnsZoneRegion')])))]""}"
DeployPrivateDNSZone,Deploy-PrivateDNSZone,DINE-Private-DNS-Azure-CognitiveSearch,DINE-Private-DNS-Azure-CognitiveSearch,"{""effect"": ""DeployIfNotExists"", ""privateDnsZoneId"": ""[if(equals(parameters('dnsZoneSubscriptionId'), ''), parameters('azureCognitiveSearchPrivateDnsZoneId'), format('/subscriptions/{0}/resourceGroups/{1}/providers/{2}/{3}', parameters('dnsZoneSubscriptionId'), toLower(parameters('dnsZoneResourceGroupName')), parameters('dnsZoneResourceType'), replace(replace(parameters('dnsZoneNames').azureCognitiveSearchPrivateDnsZoneId, '{regionName}', parameters('dnsZoneRegion')), '{regionCode}', parameters('dnzZoneRegionShortNames')[parameters('dnsZoneRegion')])))]""}"
DeployPrivateDNSZone,Deploy-PrivateDNSZone,DINE-Private-DNS-Azure-BotService,DINE-Private-DNS-Azure-BotService,"{""effect"": ""DeployIfNotExists"", ""privateDnsZoneId"": ""[if(equals(parameters('dnsZoneSubscriptionId'), ''), parameters('azureBotServicePrivateDnsZoneId'), format('/subscriptions/{0}/resourceGroups/{1}/providers/{2}/{3}', parameters('dnsZoneSubscriptionId'), toLower(parameters('dnsZoneResourceGroupName')), parameters('dnsZoneResourceType'), replace(replace(parameters('dnsZoneNames').azureBotServicePrivateDnsZoneId, '{regionName}', parameters('dnsZoneRegion')), '{regionCode}', parameters('dnzZoneRegionShortNames')[parameters('dnsZoneRegion')])))]""}"
DeployPrivateDNSZone,Deploy-PrivateDNSZone,DINE-Private-DNS-Azure-ManagedGrafanaWorkspace,DINE-Private-DNS-Azure-ManagedGrafanaWorkspace,"{""effect"": ""DeployIfNotExists"", ""privateDnsZoneId"": ""[if(equals(parameters('dnsZoneSubscriptionId'), ''), parameters('azureManagedGrafanaWorkspacePrivateDnsZoneId'), format('/subscriptions/{0}/resourceGroups/{1}/providers/{2}/{3}', parameters('dnsZoneSubscriptionId'), toLower(parameters('dnsZoneResourceGroupName')), parameters('dnsZoneResourceType'), replace(replace(parameters('dnsZoneNames').azureManagedGrafanaWorkspacePrivateDnsZoneId, '{regionName}', parameters('dnsZoneRegion')), '{regionCode}', parameters('dnzZoneRegionShortNames')[parameters('dnsZoneRegion')])))]""}"
DeployPrivateDNSZone,Deploy-PrivateDNSZone,DINE-Private-DNS-Azure-VirtualDesktopHostpool,DINE-Private-DNS-Azure-VirtualDesktopHostpool,"{""effect"": ""DeployIfNotExists"", ""privateDnsZoneId"": ""[if(equals(parameters('dnsZoneSubscriptionId'), ''), parameters('azureVirtualDesktopHostpoolPrivateDnsZoneId'), format('/subscriptions/{0}/resourceGroups/{1}/providers/{2}/{3}', parameters('dnsZoneSubscriptionId'), toLower(parameters('dnsZoneResourceGroupName')), parameters('dnsZoneResourceType'), replace(replace(parameters('dnsZoneNames').azureVirtualDesktopHostpoolPrivateDnsZoneId, '{regionName}', parameters('dnsZoneRegion')), '{regionCode}', parameters('dnzZoneRegionShortNames')[parameters('dnsZoneRegion')])))]"", ""privateEndpointGroupId"": ""connection""}"
DeployPrivateDNSZone,Deploy-PrivateDNSZone,DINE-Private-DNS-Azure-VirtualDesktopWorkspace,DINE-Private-DNS-Azure-VirtualDesktopWorkspace,"{""effect"": ""DeployIfNotExists"", ""privateDnsZoneId"": ""[if(equals(parameters('dnsZoneSubscriptionId'), ''), parameters('azureVirtualDesktopWorkspacePrivateDnsZoneId'), format('/subscriptions/{0}/resourceGroups/{1}/providers/{2}/{3}', parameters('dnsZoneSubscriptionId'), toLower(parameters('dnsZoneResourceGroupName')), parameters('dnsZoneResourceType'), replace(replace(parameters('dnsZoneNames').azureVirtualDesktopWorkspacePrivateDnsZoneId, '{regionName}', parameters('dnsZoneRegion')), '{regionCode}', parameters('dnzZoneRegionShortNames')[parameters('dnsZoneRegion')])))]"", ""privateEndpointGroupId"": ""feed""}"
DeployPrivateDNSZone,Deploy-PrivateDNSZone,DINE-Private-DNS-Azure-IoTDeviceupdate,DINE-Private-DNS-Azure-IoTDeviceupdate,"{""effect"": ""DeployIfNotExists"", ""privateDnsZoneId"": ""[if(equals(parameters('dnsZoneSubscriptionId'), ''), parameters('azureIotDeviceupdatePrivateDnsZoneId'), format('/subscriptions/{0}/resourceGroups/{1}/providers/{2}/{3}', parameters('dnsZoneSubscriptionId'), toLower(parameters('dnsZoneResourceGroupName')), parameters('dnsZoneResourceType'), replace(replace(parameters('dnsZoneNames').azureIotDeviceupdatePrivateDnsZoneId, '{regionName}', parameters('dnsZoneRegion')), '{regionCode}', parameters('dnzZoneRegionShortNames')[parameters('dnsZoneRegion')])))]""}"
DeployPrivateDNSZone,Deploy-PrivateDNSZone,DINE-Private-DNS-Azure-Arc,DINE-Private-DNS-Azure-Arc,"{""effect"": ""DeployIfNotExists"", ""privateDnsZoneIDForGuestConfiguration"": ""[if(equals(parameters('dnsZoneSubscriptionId'), ''), parameters('azureArcGuestconfigurationPrivateDnsZoneId'), format('/subscriptions/{0}/resourceGroups/{1}/providers/{2}/{3}', parameters('dnsZoneSubscriptionId'), toLower(parameters('dnsZoneResourceGroupName')), parameters('dnsZoneResourceType'), replace(replace(parameters('dnsZoneNames').azureArcGuestconfigurationPrivateDnsZoneId, '{regionName}', parameters('dnsZoneRegion')), '{regionCode}', parameters('dnzZoneRegionShortNames')[parameters('dnsZoneRegion')])))]"", ""privateDnsZoneIDForHybridResourceProvider"": ""[if(equals(parameters('dnsZoneSubscriptionId'), ''), parameters('azureArcHybridResourceProviderPrivateDnsZoneId'), format('/subscriptions/{0}/resourceGroups/{1}/providers/{2}/{3}', parameters('dnsZoneSubscriptionId'), toLower(parameters('dnsZoneResourceGroupName')), parameters('dnsZoneResourceType'), replace(replace(parameters('dnsZoneNames').azureArcHybridResourceProviderPrivateDnsZoneId, '{regionName}', parameters('dnsZoneRegion')), '{regionCode}', parameters('dnzZoneRegionShortNames')[parameters('dnsZoneRegion')])))]"", ""privateDnsZoneIDForKubernetesConfiguration"": ""[if(equals(parameters('dnsZoneSubscriptionId'), ''), parameters('azureArcKubernetesConfigurationPrivateDnsZoneId'), format('/subscriptions/{0}/resourceGroups/{1}/providers/{2}/{3}', parameters('dnsZoneSubscriptionId'), toLower(parameters('dnsZoneResourceGroupName')), parameters('dnsZoneResourceType'), replace(replace(parameters('dnsZoneNames').azureArcKubernetesConfigurationPrivateDnsZoneId, '{regionName}', parameters('dnsZoneRegion')), '{regionCode}', parameters('dnzZoneRegionShortNames')[parameters('dnsZoneRegion')])))]""}"
DeployPrivateDNSZone,Deploy-PrivateDNSZone,DINE-Private-DNS-Azure-IoTCentral,DINE-Private-DNS-Azure-IoTCentral,"{""effect"": ""DeployIfNotExists"", ""privateDnsZoneId"": ""[if(equals(parameters('dnsZoneSubscriptionId'), ''), parameters('azureIotCentralPrivateDnsZoneId'), format('/subscriptions/{0}/resourceGroups/{1}/providers/{2}/{3}', parameters('dnsZoneSubscriptionId'), toLower(parameters('dnsZoneResourceGroupName')), parameters('dnsZoneResourceType'), replace(replace(parameters('dnsZoneNames').azureIotCentralPrivateDnsZoneId, '{regionName}', parameters('dnsZoneRegion')), '{regionCode}', parameters('dnzZoneRegionShortNames')[parameters('dnsZoneRegion')])))]""}"
DeployPrivateDNSZone,Deploy-PrivateDNSZone,DINE-Private-DNS-Azure-Storage-Table,DINE-Private-DNS-Azure-Storage-Table,"{""effect"": ""DeployIfNotExists"", ""privateDnsZoneId"": ""[if(equals(parameters('dnsZoneSubscriptionId'), ''), parameters('azureStorageTablePrivateDnsZoneId'), format('/subscriptions/{0}/resourceGroups/{1}/providers/{2}/{3}', parameters('dnsZoneSubscriptionId'), toLower(parameters('dnsZoneResourceGroupName')), parameters('dnsZoneResourceType'), replace(replace(parameters('dnsZoneNames').azureStorageTablePrivateDnsZoneId, '{regionName}', parameters('dnsZoneRegion')), '{regionCode}', parameters('dnzZoneRegionShortNames')[parameters('dnsZoneRegion')])))]""}"
DeployPrivateDNSZone,Deploy-PrivateDNSZone,DINE-Private-DNS-Azure-Storage-Table-Secondary,DINE-Private-DNS-Azure-Storage-Table-Secondary,"{""effect"": ""DeployIfNotExists"", ""privateDnsZoneId"": ""[if(equals(parameters('dnsZoneSubscriptionId'), ''), parameters('azureStorageTableSecondaryPrivateDnsZoneId'), format('/subscriptions/{0}/resourceGroups/{1}/providers/{2}/{3}', parameters('dnsZoneSubscriptionId'), toLower(parameters('dnsZoneResourceGroupName')), parameters('dnsZoneResourceType'), replace(replace(parameters('dnsZoneNames').azureStorageTableSecondaryPrivateDnsZoneId, '{regionName}', parameters('dnsZoneRegion')), '{regionCode}', parameters('dnzZoneRegionShortNames')[parameters('dnsZoneRegion')])))]""}"
DeployPrivateDNSZone,Deploy-PrivateDNSZone,DINE-Private-DNS-Azure-Site-Recovery-Backup,DINE-Private-DNS-Azure-Site-Recovery-Backup,"{""effect"": ""DeployIfNotExists"", ""privateDnsZone-Backup"": ""[if(equals(parameters('dnsZoneSubscriptionId'), ''), parameters('azureSiteRecoveryBackupPrivateDnsZoneId'), format('/subscriptions/{0}/resourceGroups/{1}/providers/{2}/{3}', parameters('dnsZoneSubscriptionId'), toLower(parameters('dnsZoneResourceGroupName')), parameters('dnsZoneResourceType'), replace(replace(parameters('dnsZoneNames').azureSiteRecoveryBackupPrivateDnsZoneId, '{regionName}', parameters('dnsZoneRegion')), '{regionCode}', parameters('dnzZoneRegionShortNames')[parameters('dnsZoneRegion')])))]"", ""privateDnsZone-Blob"": ""[if(equals(parameters('dnsZoneSubscriptionId'), ''), parameters('azureSiteRecoveryBlobPrivateDnsZoneId'), format('/subscriptions/{0}/resourceGroups/{1}/providers/{2}/{3}', parameters('dnsZoneSubscriptionId'), toLower(parameters('dnsZoneResourceGroupName')), parameters('dnsZoneResourceType'), replace(replace(parameters('dnsZoneNames').azureSiteRecoveryBlobPrivateDnsZoneId, '{regionName}', parameters('dnsZoneRegion')), '{regionCode}', parameters('dnzZoneRegionShortNames')[parameters('dnsZoneRegion')])))]"", ""privateDnsZone-Queue"": ""[if(equals(parameters('dnsZoneSubscriptionId'), ''), parameters('azureSiteRecoveryQueuePrivateDnsZoneId'), format('/subscriptions/{0}/resourceGroups/{1}/providers/{2}/{3}', parameters('dnsZoneSubscriptionId'), toLower(parameters('dnsZoneResourceGroupName')), parameters('dnsZoneResourceType'), replace(replace(parameters('dnsZoneNames').azureSiteRecoveryQueuePrivateDnsZoneId, '{regionName}', parameters('dnsZoneRegion')), '{regionCode}', parameters('dnzZoneRegionShortNames')[parameters('dnsZoneRegion')])))]""}"
